City_ID,City,Lat,Lng,Max Temp,Humidity,Cloudiness,Wind Speed,Country,Date
0,novaya lyalya,59.055,60.599,1.09,98,100,6.13,RU,1678370244
1,severo-kurilsk,50.6789,156.125,-2.92,84,32,7.22,RU,1678370244
2,faanui,-16.4833,-151.75,27.88,73,79,4.06,PF,1678370245
3,barrow,71.2906,-156.7887,-21.99,77,0,6.17,US,1678369963
4,puerto ayora,-0.7393,-90.3518,25.31,94,100,0.89,EC,1678370245
5,qaanaaq,77.484,-69.3632,-14.71,65,6,3.46,GL,1678370245
6,narsaq,60.9167,-46.05,-4.56,65,100,3.25,GL,1678370245
7,adelaide,-34.9333,138.6,16.73,81,40,3.09,AU,1678369737
8,madang,-5.2246,145.7966,24.61,93,100,2.11,PG,1678370246
9,jamestown,42.097,-79.2353,-1.66,99,100,2.24,US,1678370246
10,ushuaia,-54.8,-68.3,8.81,46,75,4.63,AR,1678370190
11,busselton,-33.65,115.3333,18.11,86,89,4.91,AU,1678370246
12,vila franca do campo,37.7167,-25.4333,17.23,91,92,8.25,PT,1678370246
13,lebu,-37.6167,-73.65,15.62,89,100,2.52,CL,1678370246
14,statesboro,32.4488,-81.7832,12.74,66,100,0.0,US,1678370247
15,mataura,-46.1927,168.8643,8.59,98,4,1.13,NZ,1678370247
16,pleshanovo,52.8333,53.4833,1.53,90,100,7.4,RU,1678370247
17,nikolskoye,59.7035,30.7861,-6.06,90,100,3.86,RU,1678370247
18,vilyuysk,63.7553,121.6247,-12.69,93,100,4.74,RU,1678370247
19,fortuna,40.5982,-124.1573,7.21,87,100,9.26,US,1678370247
20,naze,28.3667,129.4833,14.51,80,100,1.68,JP,1678370248
21,podgornoye,51.735,39.1496,6.12,87,75,6.0,RU,1678370248
22,petropavlovsk-kamchatskiy,53.0452,158.6483,-9.67,79,0,4.0,RU,1678370099
23,samarai,-10.6167,150.6667,27.81,76,81,2.87,PG,1678370248
24,marrakesh,31.6315,-8.0083,25.04,50,0,3.09,MA,1678370248
25,castro,-24.7911,-50.0119,24.15,68,72,2.14,BR,1678370248
26,victoria,22.2855,114.1577,22.4,82,41,2.72,HK,1678370066
27,albany,42.6001,-73.9662,1.07,67,17,2.24,US,1678370248
28,daoukro,7.0591,-3.9631,39.25,28,26,0.85,CI,1678370249
29,mehamn,71.0357,27.8492,-5.05,49,100,5.14,NO,1678370249
30,dongsheng,39.8161,109.9776,9.0,21,0,5.31,CN,1678370249
31,lyngdal,58.1376,7.07,2.16,44,7,4.49,NO,1678370249
32,rikitea,-23.1203,-134.9692,25.76,83,33,4.61,PF,1678370249
33,bilasipara,26.232,90.2347,25.93,27,0,3.79,IN,1678370249
34,hambantota,6.1241,81.1185,28.19,83,20,3.6,LK,1678370250
35,opuwo,-18.0607,13.84,35.37,14,48,4.55,NA,1678370250
36,miramar,25.9873,-80.2323,25.01,65,92,1.79,US,1678370250
37,shankargarh,25.1833,81.6167,27.03,21,74,2.28,IN,1678370250
38,upernavik,72.7868,-56.1549,-21.4,92,38,1.37,GL,1678370250
39,khatanga,71.9667,102.5,-26.01,97,100,5.44,RU,1678370250
40,bucerias,20.75,-105.3333,19.99,88,100,2.57,MX,1678370251
41,puerto escondido,15.85,-97.0667,25.52,66,0,1.47,MX,1678370251
42,lev tolstoy,53.2134,39.446,1.93,100,100,6.48,RU,1678370251
43,arraial do cabo,-22.9661,-42.0278,31.92,58,0,7.72,BR,1678370251
44,grand gaube,-20.0064,57.6608,27.43,79,57,0.89,MU,1678370251
45,hermanus,-34.4187,19.2345,17.11,82,100,3.85,ZA,1678370251
46,porto novo,6.4965,2.6036,32.9,53,23,5.46,BJ,1678370251
47,linxia,35.6003,103.2064,11.4,28,100,0.88,CN,1678370185
48,buzmeyin,38.0507,58.2056,24.85,38,75,0.0,TM,1678370252
49,cidreira,-30.1811,-50.2056,28.97,59,26,2.98,BR,1678370252
50,ancud,-41.8697,-73.8203,11.37,94,100,3.09,CL,1678370252
51,la rioja,42.25,-2.5,12.88,53,100,9.2,ES,1678370252
52,kindersley,51.4668,-109.1682,-19.99,84,100,7.2,CA,1678370252
53,port hedland,-20.3167,118.5667,30.03,79,61,5.66,AU,1678370252
54,aklavik,68.2191,-135.0107,-10.38,89,100,11.67,CA,1678370252
55,havelock,34.8791,-76.9013,9.41,64,2,1.79,US,1678370253
56,pacifica,37.6138,-122.4869,8.41,82,100,2.24,US,1678370253
57,bambous virieux,-20.3428,57.7575,27.34,94,75,2.57,MU,1678370253
58,bullhead city,35.1478,-114.5683,12.27,37,0,1.79,US,1678370253
59,tiznit,29.5833,-9.5,23.14,42,7,4.23,MA,1678370253
60,avarua,-21.2078,-159.775,25.03,94,75,1.03,CK,1678370253
61,gornyy,55.1153,83.9059,-14.03,96,90,2.48,RU,1678370253
62,samana,19.2056,-69.3369,23.12,83,20,2.06,DO,1678370254
63,bogorodskoye,56.55,37.8833,-1.66,80,100,4.37,RU,1678370254
64,georgetown,5.4112,100.3354,27.97,78,20,1.54,MY,1678370215
65,auki,-8.7676,160.7034,24.26,95,100,1.01,SB,1678370254
66,hofn,64.2539,-15.2082,-1.99,40,75,9.26,IS,1678370254
67,high level,58.5169,-117.136,-24.94,77,0,1.03,CA,1678370254
68,nakodar,31.1258,75.4733,22.46,20,0,2.38,IN,1678370254
69,hobart,-42.8794,147.3294,14.47,71,40,4.12,AU,1678370255
70,esperance,-33.8667,121.9,19.09,77,0,6.16,AU,1678370255
71,isangel,-19.55,169.2667,24.37,73,8,4.43,VU,1678370255
72,punta arenas,-53.15,-70.9167,7.06,61,40,7.72,CL,1678369958
73,san juan,-31.5375,-68.5364,29.15,36,0,2.82,AR,1678369998
74,port alfred,-33.5906,26.891,25.1,70,0,1.34,ZA,1678370255
75,mackay,-21.15,149.2,24.82,86,96,4.73,AU,1678370257
76,saskylakh,71.9167,114.0833,-22.46,100,100,1.24,RU,1678370257
77,butaritari,3.0707,172.7902,27.21,78,100,4.37,KI,1678370257
78,mango,27.9797,-82.3065,21.73,77,0,3.6,US,1678370152
79,nanortalik,60.1432,-45.2371,-1.4,61,83,2.97,GL,1678370257
80,gat,31.61,34.7642,19.11,2,2,4.89,IL,1678370258
81,yellowknife,62.456,-114.3525,-18.71,84,100,3.6,CA,1678370258
82,bor,56.3567,44.0669,0.96,84,100,4.35,RU,1678370258
83,xiongzhou,25.1167,114.3,19.98,48,0,1.07,CN,1678370258
84,cobija,-11.0267,-68.7692,28.1,78,100,3.09,BO,1678370258
85,omboue,-1.5746,9.2618,29.0,71,99,4.3,GA,1678370258
86,kayerkan,69.3497,87.7602,-24.25,97,100,3.56,RU,1678370259
87,jaguey grande,22.5269,-81.1286,26.39,59,23,3.08,CU,1678370259
88,zhigansk,66.7697,123.3711,-15.55,91,100,6.13,RU,1678370259
89,bethel,41.3712,-73.414,3.97,62,8,1.79,US,1678370259
90,karratha,-20.7377,116.8463,30.08,63,70,6.45,AU,1678370260
91,klaksvik,62.2266,-6.589,-0.49,56,100,7.72,FO,1678370260
92,cabo san lucas,22.8909,-109.9124,18.17,48,75,2.06,MX,1678370260
93,north platte,41.1239,-100.7654,-3.06,95,100,2.06,US,1678370260
94,saint-philippe,-21.3585,55.7679,27.28,93,94,5.09,RE,1678370260
95,carnarvon,-24.8667,113.6333,24.78,67,1,10.2,AU,1678370260
96,tuktoyaktuk,69.4541,-133.0374,-22.14,92,100,2.56,CA,1678370261
97,coquimbo,-29.9533,-71.3436,19.85,77,20,2.06,CL,1678370111
98,kapaa,22.0752,-159.319,18.99,70,22,4.28,US,1678370261
99,souillac,-20.5167,57.5167,27.21,94,75,2.57,MU,1678370261
100,vaini,-21.2,-175.2,23.09,88,75,4.63,TO,1678370261
101,kulhudhuffushi,6.6221,73.07,27.57,74,73,4.86,MV,1678370261
102,kichera,55.9375,110.0997,-10.85,84,93,1.8,RU,1678370261
103,thinadhoo,0.5333,72.9333,27.72,74,92,3.36,MV,1678370261
104,atuona,-9.8,-139.0333,26.29,76,24,3.95,PF,1678370262
105,gumrak,48.7826,44.3824,10.95,71,0,5.0,RU,1678370262
106,kudahuvadhoo,2.6708,72.8944,27.83,76,70,7.09,MV,1678370262
107,nemuro,43.3236,145.575,-1.65,85,85,3.36,JP,1678370262
108,mahebourg,-20.4081,57.7,27.36,94,75,2.57,MU,1678370263
109,pacific grove,36.6177,-121.9166,7.03,90,100,3.06,US,1678370263
110,kiruna,67.8557,20.2251,-6.49,63,100,5.66,SE,1678370146
111,port elizabeth,-33.918,25.5701,25.61,65,0,6.17,ZA,1678370263
112,leninskoye,41.7589,69.3864,12.45,70,100,1.81,KZ,1678370263
113,saint george,37.1041,-113.5841,4.99,45,100,1.62,US,1678370263
114,elliot lake,46.3834,-82.6331,-7.06,70,23,4.02,CA,1678370264
115,vostok,46.4856,135.8833,-8.1,96,100,1.71,RU,1678370264
116,severnoye,56.3491,78.3619,-14.26,97,51,3.12,RU,1678370264
117,wanning,18.8003,110.3967,20.43,80,8,0.73,CN,1678370264
118,fraga,41.5229,0.3489,21.99,40,76,5.97,ES,1678370264
119,san patricio,28.017,-97.5169,23.26,87,45,4.72,US,1678370264
120,bluff,-46.6,168.3333,12.32,84,13,2.53,NZ,1678370264
121,carutapera,-1.195,-46.02,28.84,70,93,2.29,BR,1678370265
122,vestmanna,62.1564,-7.1664,-1.49,86,100,7.2,FO,1678370265
123,ontario,34.0633,-117.6509,9.25,83,0,2.06,US,1678370265
124,taltal,-25.4,-70.4833,22.45,71,0,2.32,CL,1678370265
125,tasiilaq,65.6145,-37.6368,-6.64,92,100,7.39,GL,1678370266
126,le port,-20.9373,55.2919,27.98,85,67,2.7,RE,1678370266
127,chuy,-33.6971,-53.4616,27.77,53,0,3.34,UY,1678370266
128,talakan,50.3167,130.3667,-9.12,96,92,1.66,RU,1678370266
129,dauriya,49.9333,116.8667,-5.29,87,100,1.93,RU,1678370266
130,bauchi,10.5,10.0,38.53,7,100,4.24,NG,1678370266
131,thompson,55.7435,-97.8558,-29.91,69,20,1.03,CA,1678370267
132,victor harbor,-35.5667,138.6167,15.38,81,77,0.42,AU,1678370267
133,bredasdorp,-34.5322,20.0403,18.67,73,86,5.25,ZA,1678370267
134,xushan,30.1764,121.2457,18.96,59,0,2.05,CN,1678370267
135,bubaque,11.2833,-15.8333,25.88,69,65,3.63,GW,1678370268
136,porbandar,21.6422,69.6093,28.52,38,0,4.65,IN,1678370268
137,calderitas,18.55,-88.25,23.06,94,40,0.0,MX,1678370268
138,new norfolk,-42.7826,147.0587,14.28,67,100,2.24,AU,1678370268
139,belmonte,-15.8631,-38.8828,27.84,67,100,1.49,BR,1678370268
140,roald,62.5833,6.1333,-2.17,58,0,4.63,NO,1678370268
141,hovd,48.0056,91.6419,-3.32,46,0,1.74,MN,1678370268
142,broome,42.2506,-75.833,-0.3,75,100,2.68,US,1678370269
143,bengkulu,-3.8004,102.2655,25.18,90,97,3.34,ID,1678370269
144,spornoye,50.8448,37.2913,8.56,72,53,5.2,RU,1678370269
145,hukay,13.8452,120.7029,24.64,79,50,3.95,PH,1678370269
146,hithadhoo,-0.6,73.0833,27.98,70,35,1.63,MV,1678370270
147,sur,22.5667,59.5289,26.14,43,1,4.51,OM,1678370270
148,seoul,37.5683,126.9778,6.78,94,0,2.57,KR,1678370270
149,luwuk,-0.9516,122.7875,25.34,87,93,1.08,ID,1678370270
150,kruisfontein,-34.0033,24.7314,24.38,60,0,7.45,ZA,1678370270
151,serebryanyy bor,56.8,124.8,-18.61,99,100,1.82,RU,1678370270
152,cape town,-33.9258,18.4232,22.16,78,75,5.14,ZA,1678369906
153,chumikan,54.7183,135.315,-13.64,97,100,1.77,RU,1678370271
154,errol,56.3923,-3.2128,4.87,70,20,6.69,GB,1678370271
155,riyadh,24.6877,46.7219,33.08,12,65,5.39,SA,1678369592
156,hami,42.8,93.45,10.56,30,100,7.98,CN,1678369978
157,kodiak,57.79,-152.4072,1.82,90,6,3.61,US,1678370271
158,hilo,19.7297,-155.09,23.49,92,4,0.89,US,1678370272
159,muriwai beach,-36.8167,174.45,19.64,90,100,4.63,NZ,1678370272
160,caravelas,-17.7125,-39.2481,30.22,56,100,2.44,BR,1678370272
161,vestmannaeyjar,63.4427,-20.2734,0.55,43,0,2.57,IS,1678370272
162,pevek,69.7008,170.3133,-26.01,98,62,0.92,RU,1678370273
163,lata,40.1629,-8.3327,17.26,81,30,6.47,PT,1678370273
164,robe,-37.1833,139.75,15.79,86,76,1.94,AU,1678370273
165,laguna,38.421,-121.4238,6.29,85,0,3.6,US,1678370273
166,lukiv,51.0521,25.4006,3.99,97,100,4.32,UA,1678370274
167,makakilo city,21.3469,-158.0858,20.34,69,85,8.31,US,1678370274
168,ribeira grande,38.5167,-28.7,18.22,94,75,13.41,PT,1678370274
169,olga,43.7444,135.2892,-1.47,93,100,3.67,RU,1678370133
170,lavrentiya,65.5833,-171.0,-21.82,88,59,1.74,RU,1678370274
171,alice springs,-23.7,133.8833,17.75,52,6,2.57,AU,1678370274
172,luwingu,-10.2621,29.9271,23.1,75,91,2.03,ZM,1678370275
173,harper,4.375,-7.7169,28.85,73,85,1.04,LR,1678370275
174,rayadrug,14.7,76.8667,27.2,31,77,5.78,IN,1678370275
175,kaitangata,-46.2817,169.8464,10.79,96,78,1.79,NZ,1678370275
176,ahuimanu,21.4447,-157.8378,20.99,72,33,1.34,US,1678370275
177,sao sebastiao,-23.76,-45.4097,31.33,50,27,1.49,BR,1678370275
178,rio gallegos,-51.6226,-69.2181,10.03,46,0,7.2,AR,1678370200
179,tilichiki,60.4667,166.1,-5.15,97,100,2.43,RU,1678370276
180,iqaluit,63.7506,-68.5145,-12.15,85,75,8.75,CA,1678370276
181,broken hill,-31.95,141.4333,17.69,43,0,3.6,AU,1678370276
182,dikson,73.5069,80.5464,-18.77,93,98,7.82,RU,1678370276
183,nyurba,63.2842,118.3319,-6.5,94,100,3.03,RU,1678370276
184,college,64.8569,-147.8028,-0.79,92,100,5.66,US,1678370277
185,mounana,-1.4085,13.1586,33.95,38,60,1.01,GA,1678370277
186,dhidhdhoo,6.8833,73.1,27.57,74,52,4.22,MV,1678370277
187,vanavara,60.34,102.2797,-18.88,90,100,5.1,RU,1678370277
188,pangnirtung,66.1451,-65.7125,-13.0,92,20,2.57,CA,1678370277
189,morro bay,35.3658,-120.8499,8.76,90,90,0.45,US,1678370277
190,tiksi,71.6872,128.8694,-33.53,100,49,1.18,RU,1678370277
191,sakete,6.7362,2.6587,33.9,45,57,6.28,BJ,1678370278
192,chokurdakh,70.6333,147.9167,-31.51,100,90,2.75,RU,1678370278
193,goderich,43.7501,-81.7165,-1.16,68,76,2.06,CA,1678370278
194,geraldton,-28.7667,114.6,21.23,73,75,4.12,AU,1678370278
195,muros,42.7762,-9.0603,16.72,80,10,9.85,ES,1678370278
196,ierapetra,35.01,25.7353,18.41,69,3,0.89,GR,1678370278
197,mar del plata,-38.0023,-57.5575,26.57,77,0,4.63,AR,1678369640
198,bela vista,-22.1089,-56.5211,26.56,82,71,1.9,BR,1678370279
199,ponta do sol,32.6667,-17.1,24.84,83,5,2.48,PT,1678370279
200,tuatapere,-46.1333,167.6833,10.04,87,0,2.03,NZ,1678370279
201,tsumeb,-19.2333,17.7167,34.63,15,39,3.42,NA,1678370279
202,igrim,63.1906,64.4162,-7.53,90,100,7.01,RU,1678370279
203,washington,47.5001,-120.5015,-0.12,91,99,1.33,US,1678370006
204,turukhansk,65.8167,87.9833,-24.64,98,46,2.33,RU,1678370280
205,beyneu,45.3167,55.2,11.17,48,100,5.3,KZ,1678370280
206,margate,51.3813,1.3862,10.39,97,100,4.02,GB,1678369522
207,terrace,54.5163,-128.6035,-3.05,68,0,6.69,CA,1678370280
208,tanggu,39.0211,117.6469,11.98,34,92,3.7,CN,1678370280
209,bathsheba,13.2167,-59.5167,28.34,69,20,3.09,BB,1678370280
210,los llanos de aridane,28.6585,-17.9182,21.86,85,20,2.24,ES,1678370280
211,port blair,11.6667,92.75,26.69,71,3,3.55,IN,1678370281
212,atlantis,-33.5667,18.4834,21.09,84,94,3.68,ZA,1678370281
213,vardo,70.3705,31.1107,-9.01,86,100,11.32,NO,1678370281
214,provideniya,64.3833,-173.3,-16.28,74,9,1.0,RU,1678370281
215,tashtagol,52.7657,87.8894,-6.89,97,100,1.63,RU,1678370281
216,half moon bay,37.4636,-122.4286,8.51,84,100,0.0,US,1678370281
217,talnakh,69.4865,88.3972,-25.26,97,100,5.19,RU,1678370282
218,port hardy,50.6996,-127.4199,5.0,100,20,2.06,CA,1678370282
219,sines,37.9562,-8.8698,17.94,90,7,6.26,PT,1678370282
220,srednekolymsk,67.45,153.6833,-33.39,99,100,0.71,RU,1678370282
221,floriano,-6.7669,-43.0225,33.86,38,31,3.19,BR,1678370282
222,cherskiy,68.75,161.3,-23.89,91,100,2.25,RU,1678370282
223,lashio,22.9333,97.75,21.18,32,100,1.37,MM,1678370282
224,geilo,60.5333,8.2076,-9.95,63,26,1.96,NO,1678370283
225,abapo,-18.8333,-63.4667,25.08,78,77,0.98,BO,1678370283
226,solton,52.8429,86.4787,-4.97,96,100,1.94,RU,1678370283
227,vila praia de ancora,41.811,-8.8526,16.73,86,10,8.21,PT,1678370283
228,te anau,-45.4167,167.7167,9.25,93,16,0.87,NZ,1678370283
229,saldanha,-33.0117,17.9442,22.03,82,92,2.76,ZA,1678370284
230,verkhnyaya inta,65.9811,60.3094,-8.54,71,100,10.21,RU,1678370284
231,aksu,41.1231,80.2644,13.86,27,100,1.68,CN,1678370284
232,yulara,-25.2406,130.9889,21.37,34,0,3.78,AU,1678370284
233,liberal,37.0431,-100.921,3.08,100,100,4.63,US,1678370284
234,ahipara,-35.1667,173.1667,18.9,89,100,4.61,NZ,1678370284
235,torbay,47.6666,-52.7314,1.43,83,75,16.54,CA,1678370284
236,svetlaya,46.5389,138.3297,-3.04,87,100,1.78,RU,1678370285
237,yar-sale,66.8333,70.8333,-16.2,95,99,6.82,RU,1678370285
238,strezhevoy,60.7333,77.5889,-18.1,97,36,4.2,RU,1678370285
239,isiro,2.7739,27.616,24.39,68,100,1.82,CD,1678370285
240,basoko,1.2391,23.616,31.33,48,100,1.59,CD,1678370285
241,aligarh,27.8833,78.0833,23.62,34,4,1.68,IN,1678370285
242,bodden town,19.2833,-81.25,27.21,83,20,3.13,KY,1678370286
243,boa vista,2.8197,-60.6733,29.99,62,20,6.17,BR,1678370286
244,port lincoln,-34.7333,135.8667,15.53,78,2,3.0,AU,1678370286
245,sitka,57.0531,-135.33,-6.83,72,96,2.07,US,1678370286
246,mount gambier,-37.8333,140.7667,13.59,94,100,1.39,AU,1678370286
247,ca mau,9.1769,105.15,23.82,73,0,4.32,VN,1678370287
248,namatanai,-3.6667,152.4333,25.83,81,100,1.17,PG,1678370287
249,neijiang,29.5835,105.0622,21.32,52,96,3.22,CN,1678370287
250,pokaran,26.9167,71.9167,28.2,15,0,3.96,IN,1678370287
251,richards bay,-28.783,32.0377,27.73,71,7,3.19,ZA,1678370287
252,bowen,-20.0167,148.2333,27.08,85,43,3.72,AU,1678370288
253,lompoc,34.6391,-120.4579,10.43,79,91,2.24,US,1678370288
254,lagoa,39.05,-27.9833,16.97,89,100,12.73,PT,1678370288
255,inskoy,54.4297,86.44,-10.01,96,100,1.86,RU,1678370288
256,grand baie,-20.0182,57.5802,27.47,79,59,0.89,MU,1678370288
257,portobelo,9.55,-79.65,23.39,73,80,3.59,PA,1678370288
258,fare,-16.7,-151.0167,27.99,72,15,4.29,PF,1678370289
259,yangjiang,21.85,111.9667,21.96,70,100,2.03,CN,1678370289
260,zemio,5.0314,25.1361,32.9,38,78,1.75,CF,1678370289
261,gladstone,-23.85,151.25,24.96,78,100,3.09,AU,1678370289
262,turtas,58.9417,69.1325,-4.36,91,100,5.46,RU,1678370289
263,komsomolskiy,40.4272,71.7189,14.4,67,75,1.03,UZ,1678370289
264,lorengau,-2.0226,147.2712,27.36,78,100,0.82,PG,1678370289
265,norman wells,65.282,-126.8329,-27.98,76,20,1.54,CA,1678370290
266,fort nelson,58.8053,-122.7002,-25.23,77,0,0.0,CA,1678370290
267,salinas,36.6777,-121.6555,7.26,85,100,0.45,US,1678370290
268,ust-omchug,61.15,149.6333,-29.31,99,64,1.9,RU,1678370290
269,sao gabriel da cachoeira,-0.1303,-67.0892,24.89,94,100,2.06,BR,1678370290
270,inirida,3.8653,-67.9239,27.81,73,100,2.23,CO,1678370291
271,syracuse,37.0881,15.2792,23.65,66,60,6.8,IT,1678370281
272,shaping,22.7545,112.9565,27.12,54,100,2.43,CN,1678370291
273,waipawa,-41.4122,175.5153,16.88,80,100,6.01,NZ,1678370291
274,rocha,-34.4833,-54.3333,28.07,48,0,3.48,UY,1678370291
275,sinyavskoye,47.277,39.2789,13.75,79,98,4.38,RU,1678370292
276,soyo,-6.1349,12.3689,29.05,65,37,4.56,AO,1678370292
277,east london,-33.0153,27.9116,26.52,69,0,3.09,ZA,1678370096
278,novobirilyussy,56.9514,90.6661,-22.05,100,92,1.57,RU,1678370292
279,ilulissat,69.2167,-51.1,-19.73,89,22,0.51,GL,1678370293
280,yarmouth,41.7057,-70.2286,5.61,76,99,8.94,US,1678370293
281,cache creek,50.8101,-121.3246,-10.05,96,100,1.14,CA,1678370293
282,sioux lookout,50.1001,-91.917,-10.96,85,100,2.06,CA,1678370137
283,leh,34.1667,77.5833,-10.69,58,0,1.71,IN,1678370293
284,usinsk,65.9939,57.5281,-6.31,82,100,5.99,RU,1678370294
285,namibe,-15.1961,12.1522,26.73,58,29,5.26,AO,1678370294
286,chara,56.9064,118.2631,-12.82,79,100,0.1,RU,1678370294
287,castrolibero,39.3081,16.1944,15.77,54,100,2.8,IT,1678370294
288,kalmar,56.6616,16.3616,2.86,70,0,5.14,SE,1678370294
289,bilma,18.6853,12.9164,36.84,7,7,3.6,NE,1678370294
290,anadyr,64.75,177.4833,-1.72,86,40,11.0,RU,1678370294
291,wenling,28.3669,121.36,14.83,84,0,0.73,CN,1678370295
292,nome,64.5011,-165.4064,-12.96,100,100,1.54,US,1678370295
293,yeysk,46.6989,38.2792,9.45,78,60,6.45,RU,1678370295
294,saint-pierre,-21.3393,55.4781,27.73,94,100,2.57,RE,1678370295
295,thunder bay,48.4001,-89.3168,-6.01,58,75,5.66,CA,1678370295
296,hasaki,35.7333,140.8333,14.56,74,94,9.09,JP,1678370295
297,kabala,9.5833,-11.55,38.74,7,37,1.84,SL,1678370295
298,mao,39.8885,4.2658,19.31,63,0,2.57,ES,1678370042
299,luoyang,34.6836,112.4536,18.55,12,0,2.05,CN,1678370296
300,hengshui,37.7322,115.7011,18.4,11,0,4.18,CN,1678370296
301,eyl,7.9803,49.8164,27.32,68,2,7.66,SO,1678370296
302,kilindoni,-7.9139,39.6668,28.34,71,19,8.87,TZ,1678370296
303,marsh harbour,26.5412,-77.0636,20.81,60,9,7.96,BS,1678370296
304,blacksburg,37.2296,-80.4139,6.33,61,0,0.0,US,1678370297
305,kattivakkam,13.2167,80.3167,29.05,68,100,4.56,IN,1678370297
306,ngerengere,-6.75,38.1167,34.79,36,88,4.75,TZ,1678370297
307,hirna,9.2167,41.1,22.63,41,85,2.35,ET,1678370297
308,san felipe,10.3399,-68.7425,25.5,76,93,2.65,VE,1678370297
309,vizinga,61.0749,50.1031,-1.4,89,93,6.32,RU,1678370219
310,kawalu,-7.3817,108.2082,22.71,97,100,0.64,ID,1678370297
311,cayenne,4.9333,-52.3333,30.02,62,20,5.66,GF,1678370298
312,sola,-13.8833,167.55,27.33,76,98,1.54,VU,1678370298
313,nambutalai,9.7167,79.0,27.0,72,92,9.06,IN,1678370298
314,moses lake,47.1301,-119.2781,-0.55,93,77,2.36,US,1678370298
315,mataram,-8.5833,116.1167,25.45,86,90,1.98,ID,1678370298
316,cavalcante,-13.7975,-47.4583,26.88,50,100,3.76,BR,1678370298
317,erzin,36.9559,36.2,14.76,78,51,4.4,TR,1678370017
318,deputatskiy,69.3,139.9,-34.37,93,26,1.85,RU,1678370299
319,airai,-8.9266,125.4092,15.59,92,100,0.46,TL,1678370299
320,coihaique,-45.5752,-72.0662,12.34,71,20,2.57,CL,1678370299
321,whakatane,-37.9585,176.9854,17.51,94,100,2.21,NZ,1678370299
322,mahon,39.8885,4.2658,19.31,63,0,2.57,ES,1678370299
323,san quintin,30.4833,-115.95,10.79,83,3,3.7,MX,1678370299
324,korla,41.7597,86.1469,12.84,32,12,5.64,CN,1678370299
325,tautira,-17.7333,-149.15,27.44,78,9,4.06,PF,1678370299
326,taoudenni,22.6783,-3.9836,36.15,5,0,4.63,ML,1678370300
327,hamilton,39.1834,-84.5333,2.36,76,100,2.24,US,1678370300
328,safakulevo,54.9901,62.5442,-0.14,80,100,8.77,RU,1678370300
329,chase,50.8165,-119.6857,-7.51,96,93,0.61,CA,1678370300
330,kutno,52.2306,19.3641,1.17,94,100,5.66,PL,1678369917
331,ketchikan,55.3422,-131.6461,-5.13,76,40,2.46,US,1678370300
332,maningrida,-12.0667,134.2667,25.29,84,32,1.61,AU,1678370300
333,ostrovnoy,68.0531,39.5131,-14.76,93,17,4.85,RU,1678370301
334,mvuma,-19.2792,30.5283,26.58,38,81,4.76,ZW,1678370301
335,austin,30.2672,-97.7431,19.1,84,100,0.89,US,1678370001
336,gazalkent,41.5581,69.7708,12.37,78,100,1.12,UZ,1678370301
337,baishishan,43.5833,127.5667,2.34,60,0,0.85,CN,1678370301
338,masallatah,32.6167,14.0,22.34,39,0,3.41,LY,1678370301
339,touros,-5.1989,-35.4608,29.88,65,80,7.3,BR,1678370301
340,iranshahr,27.2025,60.6848,32.19,14,40,3.09,IR,1678370301
341,tazovskiy,67.4667,78.7,-17.71,87,99,7.16,RU,1678370301
342,tulum,20.2167,-87.4667,26.16,63,52,2.84,MX,1678370302
343,lukovetskiy,64.2956,41.9211,-5.62,93,100,3.97,RU,1678370302
344,thouars,46.976,-0.2151,15.11,77,99,11.6,FR,1678370302
345,bireun,5.203,96.7009,25.67,83,93,1.63,ID,1678370302
346,kununurra,-15.7667,128.7333,25.99,78,85,0.51,AU,1678370302
347,magbay,12.4101,121.0899,23.87,80,0,2.3,PH,1678370303
348,constitucion,-35.3333,-72.4167,18.39,74,100,2.46,CL,1678370303
349,sao filipe,14.8961,-24.4956,27.73,49,0,5.25,CV,1678370303
350,raga,8.4596,25.678,38.38,13,91,3.37,SS,1678370303
351,bardiyah,31.7561,25.0865,17.17,57,0,8.06,LY,1678370303
352,carahue,-38.7,-73.1667,15.59,83,100,0.7,CL,1678370304
353,waddan,29.1614,16.139,27.57,21,0,2.36,LY,1678370304
354,luena,-11.7833,19.9167,24.5,73,97,0.75,AO,1678370304
355,maralal,1.0968,36.698,23.53,36,91,3.24,KE,1678370304
356,norton shores,43.1689,-86.2639,1.67,59,100,1.79,US,1678370304
357,mananara,-16.1667,49.7667,27.11,84,99,2.77,MG,1678370304
358,avera,33.194,-82.5271,13.08,44,97,2.66,US,1678370305
359,ayapa,18.1833,-93.1667,23.88,84,0,1.52,MX,1678370305
360,camacha,33.0833,-16.3333,20.68,73,20,5.66,PT,1678370305
361,lakatoro,-16.0999,167.4164,25.89,88,96,4.21,VU,1678370305
362,jardim,-21.4803,-56.1381,28.59,68,0,2.21,BR,1678370305
363,kumluca,36.3703,30.2869,17.79,64,23,5.24,TR,1678370306
364,conakry,9.538,-13.6773,31.04,48,20,5.14,GN,1678370306
365,yozgat,39.5833,35.3333,12.16,38,96,5.03,TR,1678370055
366,savelugu,9.6244,-0.8253,39.14,24,8,1.99,GH,1678370306
367,turochak,52.2576,87.1224,-6.69,96,100,1.22,RU,1678370306
368,leningradskiy,69.3833,178.4167,-14.38,89,100,1.96,RU,1678370307
369,depalpur,22.85,75.55,26.22,18,0,2.25,IN,1678370307
370,kamuli,0.9472,33.1197,32.61,26,65,2.92,UG,1678370307
371,turayf,31.6725,38.6637,16.14,33,40,2.57,SA,1678370307
372,owensboro,37.7742,-87.1133,6.77,67,100,4.99,US,1678370307
373,yara,20.2753,-76.9533,26.67,56,36,5.17,CU,1678370307
374,smirnykh,49.75,142.8333,-11.7,98,99,0.41,RU,1678370307
375,hailar,49.2,119.7,-9.07,93,100,2.01,CN,1678370307
376,la ligua,-32.4524,-71.2311,21.88,58,0,2.22,CL,1678370308
377,northam,51.0333,-4.2167,13.12,89,100,7.05,GB,1678370308
378,mont-de-marsan,44.0,-0.6667,22.9,47,0,6.69,FR,1678370308
379,newport,51.5877,-2.9984,10.8,94,100,3.37,GB,1678370308
380,dunmore town,25.5,-76.65,21.2,62,100,8.19,BS,1678370308
381,praia da vitoria,38.7333,-27.0667,18.2,94,75,13.29,PT,1678370308
382,evensk,61.95,159.2333,-18.77,99,78,0.47,RU,1678370308
383,brigantine,39.4101,-74.3646,4.52,65,7,1.79,US,1678370308
384,havoysund,70.9963,24.6622,-5.87,84,100,6.29,NO,1678370309
385,kovur,14.4833,79.9833,25.39,65,100,2.62,IN,1678370309
386,laibin,23.7,109.2667,25.62,43,0,0.66,CN,1678370309
387,pauri,30.15,78.7833,14.34,36,11,0.57,IN,1678370309
388,ayan,56.45,138.1667,-13.41,93,100,3.93,RU,1678370309
389,bom jardim,-7.7958,-35.5872,31.98,35,54,6.22,BR,1678370309
390,longyearbyen,78.2186,15.6401,-14.09,61,75,10.8,SJ,1678370310
391,athens,37.9795,23.7162,19.12,58,20,5.14,GR,1678369997
392,disna,55.568,28.1971,-1.86,78,96,3.39,BY,1678370310
393,uzhur,55.3036,89.8339,-19.95,100,68,0.06,RU,1678370310
394,aswan,24.0934,32.907,28.46,13,0,6.37,EG,1678369880
395,riverton,40.5219,-111.9391,-1.94,86,65,1.34,US,1678370310
396,la asuncion,11.0333,-63.8628,25.85,83,95,0.0,VE,1678370311
397,saint-francois,46.4154,3.9054,13.71,71,100,3.6,FR,1678370311
398,roebourne,-20.7833,117.1333,30.55,60,51,7.12,AU,1678370311
399,singkang,2.1006,102.7994,23.33,96,59,2.01,MY,1678370312
400,husavik,66.0449,-17.3389,-3.82,89,100,7.78,IS,1678370312
401,kanye,-24.9667,25.3327,30.64,23,0,4.09,BW,1678370312
402,clyde river,70.4692,-68.5914,-15.87,78,0,5.66,CA,1678370312
403,yaan,7.3833,8.5667,38.37,25,100,2.85,NG,1678370312
404,arrifes,37.7667,-25.7,16.14,94,75,6.17,PT,1678370312
405,nong chik,6.8436,101.178,26.29,72,99,5.66,TH,1678370313
406,vallenar,-28.5708,-70.7581,23.24,58,0,1.76,CL,1678370313
407,tommot,58.9564,126.2925,-18.77,97,100,1.71,RU,1678370313
408,whitehorse,60.7161,-135.0538,-15.55,62,100,6.17,CA,1678370313
409,lusambo,-4.9667,23.45,27.81,66,99,1.37,CD,1678370313
410,corn island,12.1694,-83.0418,25.9,69,78,4.26,NI,1678370313
411,north bend,43.4065,-124.2243,5.48,91,100,5.14,US,1678370314
412,bac lieu,9.285,105.7244,24.1,75,0,8.14,VN,1678370314
413,najran,17.4924,44.1277,33.36,27,35,1.79,SA,1678370314
414,birao,10.2849,22.7882,37.53,11,100,5.09,CF,1678370314
415,fairbanks,64.8378,-147.7164,-0.78,91,100,5.66,US,1678370102
416,sistranda,63.7256,8.834,-5.02,63,29,1.98,NO,1678370314
417,kavieng,-2.5744,150.7967,27.41,75,100,1.54,PG,1678370315
418,asau,46.4333,26.4,15.51,70,100,3.2,RO,1678370315
419,ponazyrevo,58.3578,46.3142,-2.15,83,45,4.91,RU,1678370315
420,walvis bay,-22.9575,14.5053,17.83,56,18,9.05,NA,1678370315
421,marawi,7.9986,124.2928,20.12,97,58,1.17,PH,1678370315
422,vigrestad,58.5667,5.7,0.7,90,100,5.59,NO,1678370315
423,den helder,52.9599,4.7593,3.31,83,75,4.92,NL,1678370315
424,ishigaki,24.3448,124.1572,19.07,77,17,3.6,JP,1678370316
425,tabou,4.423,-7.3528,29.36,71,60,1.5,CI,1678370316
426,vao,-22.6667,167.4833,25.15,71,19,7.46,NC,1678370316
427,durban,-29.8579,31.0292,27.79,83,11,2.68,ZA,1678370031
428,liku,-0.7275,119.8922,23.89,93,96,0.5,ID,1678370316
429,buraydah,26.326,43.975,24.25,24,90,4.02,SA,1678370316
430,launceston,-41.45,147.1667,14.33,83,65,5.66,AU,1678370137
431,ixtapa,20.7,-105.2,19.57,88,100,2.57,MX,1678370317
432,ucluelet,48.9329,-125.5528,5.61,75,81,4.9,CA,1678370317
433,sisimiut,66.9395,-53.6735,-10.85,80,4,4.11,GL,1678370317
434,nouadhibou,20.931,-17.0347,29.99,21,0,4.63,MR,1678370317
435,ulaanbaatar,47.9077,106.8832,0.07,93,40,2.0,MN,1678369698
436,ewa beach,21.3156,-158.0072,21.12,69,87,8.36,US,1678370317
437,moroni,-11.7022,43.2551,28.61,73,98,5.96,KM,1678370318
438,san andres,12.5847,-81.7006,27.01,69,20,4.12,CO,1678370318
439,wangqing,43.3218,129.7634,0.3,93,100,1.24,CN,1678370318
440,tucuman,-26.8241,-65.2226,28.0,69,0,0.51,AR,1678370318
441,san lucas,16.6,-92.7167,22.72,77,32,0.72,MX,1678370318
442,pulandian,39.3953,121.9669,5.96,78,8,2.79,CN,1678370319
443,sri aman,1.2376,111.4621,25.03,94,68,2.06,MY,1678370319
444,sahiwal,30.6667,73.1,24.07,17,0,2.09,PK,1678370319
445,berlevag,70.8578,29.0864,-5.03,50,75,11.32,NO,1678370319
446,faya,18.3851,42.4509,19.29,46,4,4.56,SA,1678370319
447,humberto de campos,-2.5983,-43.4611,30.25,61,20,3.3,BR,1678370319
448,yanam,16.7333,82.2167,24.77,71,100,1.78,IN,1678370319
449,cockburn town,21.4612,-71.1419,23.98,53,40,4.63,TC,1678370320
450,dalby,-27.1833,151.2667,20.55,92,100,2.63,AU,1678370320
451,san pedro de ycuamandiyu,-24.0917,-57.0764,28.42,71,100,1.82,PY,1678370320
452,biak,-0.9131,122.8766,24.71,85,87,0.69,ID,1678370321
453,villa carlos paz,-31.4241,-64.4978,32.25,38,0,6.54,AR,1678370163
454,bismarck,46.8083,-100.7837,-9.52,89,100,5.14,US,1678370322
455,ust-tsilma,65.441,52.1498,-4.58,95,100,3.97,RU,1678370322
456,nueva loja,0.0847,-76.8828,24.01,94,100,1.54,EC,1678370322
457,road town,18.4167,-64.6167,27.02,74,40,3.09,VG,1678370322
458,umm kaddadah,13.6017,26.6876,33.71,8,42,9.06,SD,1678370322
459,kholodnyy,62.7167,147.95,-36.18,100,89,0.83,RU,1678370322
460,mianyang,31.4593,104.7542,18.73,57,100,1.97,CN,1678370322
461,beringovskiy,63.05,179.3167,-6.97,98,78,5.25,RU,1678370323
462,moron,-34.6534,-58.6198,29.4,72,0,3.45,AR,1678370323
463,alofi,-19.0595,-169.9187,24.94,94,100,5.14,NU,1678370323
464,mosquera,4.7059,-74.2302,12.05,94,75,1.54,CO,1678370323
465,cascais,38.6979,-9.4215,20.28,88,75,9.39,PT,1678370123
466,itarema,-2.9248,-39.9167,30.2,64,96,5.74,BR,1678370324
467,pouembout,-21.1333,164.9,22.99,82,5,2.26,NC,1678370324
468,gumdag,39.2061,54.5906,20.26,48,100,5.46,TM,1678370324
469,mayo,38.8876,-76.5119,5.37,59,0,5.14,US,1678370324
470,kachug,53.9606,105.8817,-7.41,66,100,7.05,RU,1678370324
471,hobyo,5.3505,48.5268,27.52,76,8,7.27,SO,1678370324
472,itacoatiara,-3.1431,-58.4442,27.04,77,96,1.98,BR,1678370324
473,prince rupert,54.3161,-130.3201,2.83,80,0,3.09,CA,1678370324
474,gizo,-8.103,156.8419,27.13,77,100,0.76,SB,1678370324
475,marabba,12.35,32.1833,37.41,12,97,6.0,SD,1678370325
476,handan,36.6006,114.4678,19.45,9,0,3.14,CN,1678370325
477,alihe,50.5667,123.7167,-9.62,96,22,0.52,CN,1678370325
478,dicabisagan,17.0818,122.4157,22.2,88,61,1.96,PH,1678370325
479,nadaun,31.7833,76.35,19.87,32,0,1.6,IN,1678370325
480,inhambane,-23.865,35.3833,30.0,70,40,5.44,MZ,1678370325
481,tecoanapa,16.5167,-98.75,23.56,71,0,1.04,MX,1678370326
482,cap malheureux,-19.9842,57.6142,27.48,79,56,0.89,MU,1678370326
483,manhattan,40.7834,-73.9662,5.35,62,4,0.45,US,1678370326
484,moose factory,51.2585,-80.6094,-14.0,78,100,3.09,CA,1678370326
485,sakakah,29.9697,40.2064,21.76,29,13,2.97,SA,1678370326
486,katsuura,35.1333,140.3,16.1,75,100,8.19,JP,1678370326
487,rawson,-43.3002,-65.1023,19.31,39,84,1.86,AR,1678370327
488,kloulklubed,7.0419,134.2556,28.46,75,9,4.16,PW,1678370327
489,yakovlevka,44.425,133.4772,-2.46,96,100,1.06,RU,1678370327
490,sampit,-2.5333,112.95,23.35,96,97,1.01,ID,1678370327
491,rosetta,31.4044,30.4164,19.81,54,28,6.75,EG,1678370327
492,ullapool,57.8987,-5.1604,4.08,64,97,5.46,GB,1678370327
493,shingu,33.7333,135.9833,13.29,88,100,2.29,JP,1678370328
494,atambua,-9.1061,124.8925,23.77,91,99,0.45,ID,1678370328
495,luderitz,-26.6481,15.1594,21.84,63,0,7.88,NA,1678370329
496,kuminskiy,58.6667,66.5667,-2.39,96,100,5.41,RU,1678370329
497,gimli,50.6336,-96.9907,-9.99,85,93,4.63,CA,1678370329
498,quetigny,47.3167,5.1167,16.81,44,0,8.23,FR,1678370329
499,oussouye,12.485,-16.5469,38.1,16,0,2.39,SN,1678370329
500,abu dhabi,24.4667,54.3667,35.06,33,0,2.57,AE,1678369843
501,bandarbeyla,9.4942,50.8122,26.52,71,11,6.01,SO,1678370330
502,turbat,26.0023,63.044,30.2,20,100,4.97,PK,1678370330
503,luis correia,-2.8792,-41.6669,30.71,59,47,3.5,BR,1678370330
504,muncar,-8.4333,114.3333,24.98,86,27,1.22,ID,1678370330
505,val,47.3626,18.6793,17.19,58,100,9.15,HU,1678370330
506,miguel hidalgo,19.4225,-99.2028,15.88,36,0,0.89,MX,1678370330
507,ouesso,1.6136,16.0517,33.08,42,97,1.6,CG,1678370331
508,vanimo,-2.6741,141.3028,25.77,87,78,1.08,PG,1678370331
509,leshukonskoye,64.8989,45.7622,-5.36,97,100,1.27,RU,1678370331
510,manjeshwar,12.7194,74.8861,31.53,63,8,1.16,IN,1678370331
511,itoman,26.1247,127.6694,17.01,88,20,6.17,JP,1678370331
512,kathmandu,27.7167,85.3167,19.12,37,20,2.06,NP,1678369740
513,banda aceh,5.5577,95.3222,26.17,80,40,4.87,ID,1678370332
514,oranjemund,-28.55,16.4333,21.18,67,0,6.12,NA,1678370332
515,barreirinhas,-2.7469,-42.8264,29.57,67,41,3.17,BR,1678370332
516,kenai,60.5544,-151.2583,-10.97,92,0,2.57,US,1678370146
517,dunedin,-45.8742,170.5036,15.45,70,48,1.56,NZ,1678370333
518,cravo norte,6.3017,-70.2041,33.39,41,89,1.11,CO,1678370333
519,kabare,-2.4683,28.8242,20.91,82,95,1.19,CD,1678370333
520,borovoy,55.4333,86.0833,-10.4,48,0,0.0,RU,1678370333
521,hualmay,-11.0964,-77.6139,24.03,77,99,2.66,PE,1678370333
522,hibbing,47.4272,-92.9377,-2.01,20,100,2.74,US,1678370334
523,emba,48.8264,58.1442,-4.43,80,91,3.13,KZ,1678370334
524,grindavik,63.8424,-22.4338,-0.74,55,75,8.75,IS,1678370334
525,urubicha,-15.3833,-62.95,29.95,58,82,1.52,BO,1678370334
526,maragogi,-9.0122,-35.2225,29.52,61,67,4.96,BR,1678370334
527,flinders,-34.5833,150.8552,16.32,78,0,2.51,AU,1678370334
528,vila velha,-20.3297,-40.2925,28.97,76,75,4.63,BR,1678370334
529,dukat,62.55,155.55,-29.76,91,6,2.34,RU,1678370335
530,boralday,43.3578,76.8594,4.92,81,75,0.0,KZ,1678370335
531,kahului,20.8947,-156.47,20.54,88,81,5.55,US,1678370124
532,marovoay,-16.1,46.6333,27.32,84,100,1.88,MG,1678370335
533,new richmond,45.123,-92.5366,0.95,80,100,4.12,US,1678370335
534,thohoyandou,-22.9456,30.485,30.88,39,2,4.02,ZA,1678370335
535,la ronge,55.1001,-105.2842,-27.86,76,40,1.54,CA,1678370335
536,horta,38.5333,-28.6333,17.8,93,75,13.41,PT,1678370335
537,tigzirt,36.8886,4.1198,19.14,71,52,4.25,DZ,1678370335
538,nyimba,-14.5566,30.8149,29.01,64,95,1.66,ZM,1678370336
539,menongue,-14.6585,17.691,27.35,51,100,2.98,AO,1678370336
540,talara,-4.5772,-81.2719,24.42,100,100,6.17,PE,1678370336
541,honiara,-9.4333,159.95,24.28,93,100,0.72,SB,1678370336
542,kropotkin,45.4375,40.5756,14.95,56,81,5.41,RU,1678370336
543,buala,-8.145,159.5921,25.85,84,100,1.88,SB,1678370336
544,guerrero negro,27.9769,-114.0611,12.0,84,46,5.63,MX,1678370336
545,san ramon de la nueva oran,-23.1322,-64.326,31.35,50,0,0.47,AR,1678370336
546,tessalit,20.1986,1.0114,37.78,6,0,4.12,ML,1678370337
547,axim,4.8699,-2.2405,29.76,68,49,3.59,GH,1678370337
